"","Gender","Action","Adventure","Animation","Children's","Comedy","Crime","Documentary","Drama","Fantasy","Film-Noir","Horror","Musical","Mystery","Romance","Sci-Fi","Thriller","War","Western"
"1","F",3.48401323042999,3.51798790194206,3.62713567839196,3.42697132616487,3.42402082300446,3.55629877369008,3.61497326203209,3.66224563953488,3.20110192837466,3.74025974025974,3.2639933166249,3.64008321775312,3.56012176560122,3.65568453397064,3.4979079497908,3.49606763664963,3.7811786203746,3.51482479784367
"2","M",3.47922767657716,3.4992461364493,3.55747126436782,3.32,3.38297188016909,3.65404887398179,3.69176882661997,3.69695710873403,3.22042467138524,3.97329376854599,3.29805825242718,3.47266514806378,3.66420758076825,3.60707196941851,3.57707157707158,3.51292743953294,3.82632820086004,3.63789615643965
